1,Unat,Teksen,unat@unat.com,Basaksehir,passUnat,Student,20181701048
2,Mark,Zuckerberg,mark@fb.com,SF,passwMark,Student,2000000000
3,Elon,Musk,elon@tesla.com,Texas,passElon,Student,777777777
4,Jack,Cobb,cobb@inc.com,New York,jcob32,Student,34343434
5,Alfred,Wagner,alfred@alf.com,Istanbul,abc,Admin,1,true
6,Derya,Celik,derya@derya.com,Beyoglu,passwDerya,AuthorizedPerson,2
7,Tamer,Sahin,tamer@ta.com,Eyup,passwDerya,AuthorizedPerson,3
8,Ilgaz,Kaya,iglaz@ilgaz.com,Atasehir,passwKaya,Admin,4,true
9,Ceylin,Erguvan,ceylin@ceylin.com,Esenler,passwCeylin,AuthorizedPerson,5
10,Kerem,Aras,kerem@kerem.com,Zeytinburnu,passwKerem,AuthorizedPerson,6
11,Ekin,Koc,ekin@ekin.com,Sariyer,passwEkin,Admin,7,true
12,Ayse,Kaya,ayse@ayse.com,Beylikduzu,passwAyse,Admin,8,true
13,Sabri,Sari,sabri@sabri.com,Levent,passwSabri,Student,20200104030
14,Humeyra,Dogus,humeyra@humeyra.com,Sultangazi,passwHumeyra,Student,20181701057